semantic_alphabetic_token_length,length_training_mixture_weight,canonical_prompt_training_mixture_weight,example_rank,current_public_path,historical_training_path,mechanism,semantic_surface_text,semantic_text,vlm_formalized_text,original_text,semantic_analysis_weight,vlm_alphabetic_token_length
1,0.24665357135355062,0.0689084676849048,1,cmr_surgical/prostatectomy,cmr-surgical-60hz/prostatectomy,CMR_STATE_PROMPT,prostatectomy,prostatectomy,arm left 1 left instrument tool 18 orange arm right 3 right instrument tool 9 blue do a prostatectomy,arm left: 1. left instrument: Tool #18 (Orange). arm right: 3. right instrument: Tool #9 (Blue). do a prostatectomy,0.0025962458972347276,15
1,0.24665357135355062,0.050532626936610925,2,cmr_surgical/hysterectomy,cmr-surgical-60hz/hysterectomy_phase_prompts_v1,CMR_STATE_PROMPT,hysterectomy,hysterectomy,arm left 1 left instrument tool 3 none arm right 1 right instrument tool 3 none do a hysterectomy,arm left: -1. left instrument: Tool #3 (None). arm right: -1. right instrument: Tool #3 (None). do a hysterectomy,0.002015630137121445,15
1,0.24665357135355062,0.03858141419798222,3,ucsd/surgical_learning_dataset,Surgical/UCSD/surgical_learning_dataset,TASK_INDEX,dissection,dissect,dissection,dissection,0.014825555419011717,1
2,0.4063701295494757,0.13426172875511994,1,jhu/imerse/wound_closure/point_labeled/fausto_0_1_jesse_0_1_2_labeled,Surgical/JHU/Imerse/Wound_Closure/point_labeled,TASK_INDEX,Wound Closure,wound closure,wound closure,Wound Closure,0.13426172875511994,2
2,0.4063701295494757,0.03908860962400051,2,jhu/imerse/suturebot,Surgical/JHU/suturebot,TASK_INDEX,knot tying,knot tie,knot tying,knot tying,0.017860974275417704,2
2,0.4063701295494757,0.03607118894322295,3,stanford/collaborative_haptics_and_robotics_in_medicine_lab/real_robot_dvrk/peg_transfer,Surgical/Stanford/Collaborative Haptics and Robotics in Medicine Lab/Real Robot (dVRK)/Peg Transfer,TASK_INDEX,Peg Transfer,peg transfer,peg transfer,Peg Transfer,0.020124645511405248,2
3,0.059248451258596097,0.04870035318544291,1,cmr_surgical/inguinal_hernia,cmr-surgical-60hz/inguinal_hernia,CMR_STATE_PROMPT,inguinal hernia repair,inguinal hernia repair,arm left 1 left instrument tool 3 none arm right 1 right instrument tool 3 none do an inguinal hernia repair,arm left: -1. left instrument: Tool #3 (None). arm right: -1. right instrument: Tool #3 (None). do an inguinal hernia repair,0.002254485318238113,17
3,0.059248451258596097,0.003239007167265421,2,jhu/imerse/cao_cautery_combined,Surgical/JHU/cao_cautery_combined,TASK_INDEX,resect home out,resect home out,resect home out,resect home out,0.003239007167265421,3
3,0.059248451258596097,0.0026285830055214634,3,rob_surgical/all_merged_data,Surgical/Rob Surgical/all_merged_data,ROB_TOOL_PROMPT,hysterectomy. Pelvic lymphadenectomy,hysterectomy. pelvic lymphadenectomy,left tool bi_maryland_forceps right tool bi_maryland_forceps aux tool mono_round_scissors the surgery process is a hysterectomypelvic lymphadenectomy,left tool: bi_maryland_forceps. right tool: bi_maryland_forceps. aux tool: mono_round_scissors. The surgery process is a hysterectomy.Pelvic lymphadenectomy,0.0026285830055214634,13
4,0.0013390809772272998,0.0010469995560200029,1,rob_surgical/all_merged_data,Surgical/Rob Surgical/all_merged_data,ROB_TOOL_PROMPT,hysterectomy. Uterus neck dissection,hysterectomy. uterus neck dissect,left tool bi_maryland_forceps right tool bi_maryland_forceps aux tool mono_round_scissors the surgery process is a hysterectomyuterus neck dissection,left tool: bi_maryland_forceps. right tool: bi_maryland_forceps. aux tool: mono_round_scissors. The surgery process is a hysterectomy.Uterus neck dissection,0.0010469995560200029,14
4,0.0013390809772272998,0.000292081421207297,2,rob_surgical/all_merged_data,Surgical/Rob Surgical/all_merged_data,ROB_TOOL_PROMPT,hysterectomy. Urinary bladder mobilization,hysterectomy. urinary bladder mobilization,left tool none right tool none aux tool none the surgery process is a hysterectomyurinary bladder mobilization,left tool: none. right tool: none. aux tool: none. The surgery process is a hysterectomy.Urinary bladder mobilization,0.000292081421207297,17
5,0.08595906940843788,0.013106469684025322,1,jhu/imerse/srth_porcine_chole,Surgical/JHU/srth_porcine_chole_fix,TASK_INDEX,clipping first clip left tube,clip first clip left tube,clipping first clip left tube,clipping first clip left tube,0.013106469684025322,5
5,0.08595906940843788,0.013018243262175495,2,jhu/imerse/srth_porcine_chole,Surgical/JHU/srth_porcine_chole_fix,TASK_INDEX,clipping third clip left tube,clip third clip left tube,clipping third clip left tube,clipping third clip left tube,0.013018243262175495,5
5,0.08595906940843788,0.012680530653161992,3,turin/mitic_lerobot_plastic_tube,Surgical/Turin/mitic_lerobot_plastic_tube,DIRECT_TEXT:instruction.text,Position the needle for suturing,position the needle for suture,position the needle for suturing,Position the needle for suturing,0.0043347689799657085,5
6,0.04475150272826404,0.005760431362667063,1,turin/mitic_lerobot_ex_vivo,Surgical/Turin/mitic_lerobot_ex_vivo,DIRECT_TEXT:instruction.text,Insert the needle into the tissue,insert the needle into the tissue,insert the needle into the tissue,Insert the needle into the tissue,0.005760431362667063,6
6,0.04475150272826404,0.0057144780795235425,2,jhu/imerse/srth_porcine_chole,Surgical/JHU/srth_porcine_chole_fix,TASK_INDEX,going back first clip left tube,go back first clip left tube,going back first clip left tube,going back first clip left tube,0.0057144780795235425,6
6,0.04475150272826404,0.005626109127105301,3,jhu/imerse/srth_porcine_chole,Surgical/JHU/srth_porcine_chole_fix,TASK_INDEX,going back second clip left tube,go back second clip left tube,going back second clip left tube,going back second clip left tube,0.005626109127105301,6
7,0.06033597956904068,0.011901231197495225,1,jhu/imerse/srth_porcine_chole,Surgical/JHU/srth_porcine_chole_fix,TASK_INDEX,go to the cutting position left tube,go to the cutting position left tube,go to the cutting position left tube,go to the cutting position left tube,0.011901231197495225,7
7,0.06033597956904068,0.008997669722998085,2,jhu/imerse/srth_porcine_chole,Surgical/JHU/srth_porcine_chole_fix,TASK_INDEX,go to the cutting position right tube,go to the cutting position right tube,go to the cutting position right tube,go to the cutting position right tube,0.008997669722998085,7
7,0.06033597956904068,0.00894720194021148,3,turin/mitic_lerobot_plastic_pad,Surgical/Turin/mitic_lerobot_plastic_pad,DIRECT_TEXT:instruction.text,Extract the needle from the plastic phantom,extract the needle from the plastic phantom,extract the needle from the plastic phantom,Extract the needle from the plastic phantom,0.0036127436170825785,7
8,0.03693583613946065,0.007258020456510758,1,turin/mitic_lerobot_plastic_pad_3dmed,Surgical/Turin/mitic_lerobot_plastic_pad_3DMED,DIRECT_TEXT:instruction.text,Finish the knot tying on the plastic phantom,finish the knot tie on the plastic phantom,finish the knot tying on the plastic phantom,Finish the knot tying on the plastic phantom,0.0038930244000295704,8
8,0.03693583613946065,0.007038633378867161,2,turin/mitic_lerobot_ex_vivo,Surgical/Turin/mitic_lerobot_ex_vivo,DIRECT_TEXT:instruction.text,Finish the knot tying on ex vivo tissue,finish the knot tie on ex vivo tissue,finish the knot tying on ex vivo tissue,Finish the knot tying on ex vivo tissue,0.007038633378867161,8
8,0.03693583613946065,0.00541734731571378,3,turin/mitic_lerobot_ex_vivo,Surgical/Turin/mitic_lerobot_ex_vivo,DIRECT_TEXT:instruction.text,Perform base knot tying on ex vivo tissue,perform base knot tie on ex vivo tissue,perform base knot tying on ex vivo tissue,Perform base knot tying on ex vivo tissue,0.00541734731571378,8
9,0.00010489235770874865,0.00010474257236453978,1,tud/260131_tundra_dataset/grasping_retraction,Surgical/TUD/260131_TUNDRA_dataset/grasping_retraction,TASK_INDEX,Correct the previous movement or position of the grasper.,correct the previous movement or position of the grasper,correct the previous movement or position of the grasper,Correct the previous movement or position of the grasper.,0.00010474257236453978,9
9,0.00010489235770874865,7.489267210443512e-08,2,rob_surgical/all_merged_data,Surgical/Rob Surgical/all_merged_data,ROB_TOOL_PROMPT,hysterectomy. Urinary bladder mobilization. Identification of uterus and ovaries,hysterectomy. urinary bladder mobilization. identification of uterus and ovary,left tool none right tool none aux tool none the surgery process is a hysterectomyurinary bladder mobilizationidentification of uterus and ovaries,left tool: none. right tool: none. aux tool: none. The surgery process is a hysterectomy.Urinary bladder mobilizationIdentification of uterus and ovaries,7.489267210443512e-08,21
9,0.00010489235770874865,7.489267210443512e-08,3,rob_surgical/all_merged_data,Surgical/Rob Surgical/all_merged_data,ROB_TOOL_PROMPT,hysterectomy. Dissection of the vesicouterine fold. Uterus neck dissection,hysterectomy. dissect of the vesicouterine fold. uterus neck dissect,left tool bi_maryland_forceps right tool bi_maryland_forceps aux tool mono_round_scissors the surgery process is a hysterectomydissection of the vesicouterine folduterus neck dissection,left tool: bi_maryland_forceps. right tool: bi_maryland_forceps. aux tool: mono_round_scissors. The surgery process is a hysterectomy.Dissection of the vesicouterine foldUterus neck dissection,7.489267210443512e-08,18
10,0.018952541878996317,0.018826931674315924,1,hamlyn/suturing_2,Surgical/Hamlyn/Suturing-2,TASK_INDEX,"Make first right-to-left suture, shift needle holder, create second parallel suture.","make first right-to-left suture, shift needle holder, create second parallel suture",make first righttoleft suture shift needle holder create second parallel suture,"Make first right-to-left suture, shift needle holder, create second parallel suture.",0.018826931674315924,11
10,0.018952541878996317,4.246929744519555e-05,2,hamlyn/tissue_retraction,Surgical/Hamlyn/Tissue_Retraction,TASK_INDEX,Lift the intact tissue block using the right instrument (right-side grasp).,lift the intact tissue block use the right instrument (right-side grasp),lift the intact tissue block using the right instrument rightside grasp,Lift the intact tissue block using the right instrument (right-side grasp).,4.246929744519555e-05,11
10,0.018952541878996317,4.149557457608172e-05,3,hamlyn/tissue_retraction,Surgical/Hamlyn/Tissue_Retraction,TASK_INDEX,Lift the intact tissue block using the right instrument (left-side grasp).,lift the intact tissue block use the right instrument (left-side grasp),lift the intact tissue block using the right instrument leftside grasp,Lift the intact tissue block using the right instrument (left-side grasp).,4.149557457608172e-05,11
11,0.02577468716735297,0.007495194334124133,1,hamlyn/suturing_1,Surgical/Hamlyn/Suturing-1,TASK_INDEX,Drive needle from right edge through both layers to left side.,drive needle from right edge through both layer to left side,drive needle from right edge through both layers to left side,Drive needle from right edge through both layers to left side.,0.007495194334124133,11
11,0.02577468716735297,0.007128733886932761,2,rob_surgical/all_merged_data,Surgical/Rob Surgical/all_merged_data,ROB_TOOL_PROMPT,hemicolectomy. Resect the lymphatic tissue around the mesenteric artery and vein,hemicolectomy. resect the lymphatic tissue around the mesenteric artery and vein,left tool mono_hook right tool forceps aux tool bi_maryland_forceps the surgery process is a hemicolectomyresect the lymphatic tissue around the mesenteric artery and vein,left tool: mono_hook. right tool: forceps. aux tool: bi_maryland_forceps. The surgery process is a hemicolectomy.Resect the lymphatic tissue around the mesenteric artery and vein,0.003722914730311469,22
11,0.02577468716735297,0.004155122395762604,3,jhu/imerse/srt_needle_pickup_handover,Surgical/JHU/srt_needle_pickup+handover,TASK_INDEX,pick up the needle and hand it to the other arm,pick up the needle and hand it to the other arm,pick up the needle and hand it to the other arm,pick up the needle and hand it to the other arm,0.004155122395762604,11
12,0.001263560175150665,0.0007487928863485359,1,hamlyn/needle_grasp_and_handover,Surgical/Hamlyn/needle_grasp_and_handover,TASK_INDEX,Using the right hand instrument to grasp the needle from the table.,use the right hand instrument to grasp the needle from the table,using the right hand instrument to grasp the needle from the table,Using the right hand instrument to grasp the needle from the table.,0.0007487928863485359,12
12,0.001263560175150665,0.0001893516471630588,2,hamlyn/tissue_retraction,Surgical/Hamlyn/Tissue_Retraction,TASK_INDEX,Retract the partially dissected tissue flap using the right instrument (center grasp).,retract the partially dissect tissue flap use the right instrument (center grasp),retract the partially dissected tissue flap using the right instrument center grasp,Retract the partially dissected tissue flap using the right instrument (center grasp).,0.0001893516471630588,12
12,0.001263560175150665,0.00017684305338290423,3,hamlyn/tissue_retraction,Surgical/Hamlyn/Tissue_Retraction,TASK_INDEX,Retract the partially dissected tissue flap using the left instrument (center grasp).,retract the partially dissect tissue flap use the left instrument (center grasp),retract the partially dissected tissue flap using the left instrument center grasp,Retract the partially dissected tissue flap using the left instrument (center grasp).,0.00017684305338290423,12
13,0.003412243529520771,0.0025834976169145938,1,rob_surgical/all_merged_data,Surgical/Rob Surgical/all_merged_data,ROB_TOOL_PROMPT,hemicolectomy. Dissection and staple of the mesocolon while separating it from the retroperitoneum,hemicolectomy. dissect and staple of the mesocolon while separate it from the retroperitoneum,left tool mono_hook right tool forceps aux tool bi_maryland_forceps the surgery process is a hemicolectomydissection and staple of the mesocolon while separating it from the retroperitoneum,left tool: mono_hook. right tool: forceps. aux tool: bi_maryland_forceps. The surgery process is a hemicolectomy.Dissection and staple of the mesocolon while separating it from the retroperitoneum,0.0010711898891097354,24
13,0.003412243529520771,0.00043845031006958996,2,tud/260131_tundra_dataset/grasping_retraction,Surgical/TUD/260131_TUNDRA_dataset/grasping_retraction,TASK_INDEX,"Pull back on small intestine post-surgeon's end grasp, continuing till fully straight in camera.","pull back on small intestine post-surgeon's end grasp, continue till fully straight in camera",pull back on small intestine postsurgeons end grasp continuing till fully straight in camera,"Pull back on small intestine post-surgeon's end grasp, continuing till fully straight in camera.",0.00043845031006958996,14
13,0.003412243529520771,0.0001587134786291763,3,jhu/lcsr/smarts/SurgSync-stitch-coldcut/P2,Surgical/JHU/LSCR/SMARTS/offline_recorder_extracted/offline_data_part2,TASK_INDEX,perform cold-cut dissection to partially peel skin from the underlying fat layer using non-energy instruments,perform cold-cut dissect to partially peel skin from the underlying fat layer use non-energy instrument,perform coldcut dissection to partially peel skin from the underlying fat layer using nonenergy instruments,perform cold-cut dissection to partially peel skin from the underlying fat layer using non-energy instruments,0.0001587134786291763,15
14,0.001171561432522489,0.0011296913491505942,1,tud/260131_tundra_dataset/grasping_retraction,Surgical/TUD/260131_TUNDRA_dataset/grasping_retraction,TASK_INDEX,Close down on the small intestine for hold. Keep position awaiting surgeon's counterpart grasp.,close down on the small intestine for hold. keep position await surgeon's counterpart grasp,close down on the small intestine for hold keep position awaiting surgeons counterpart grasp,Close down on the small intestine for hold. Keep position awaiting surgeon's counterpart grasp.,0.0011296913491505942,14
14,0.001171561432522489,1.5205057110008282e-05,2,hamlyn/tissue_retraction,Surgical/Hamlyn/Tissue_Retraction,TASK_INDEX,Retract the partially dissected tissue flap from the left side using the right instrument.,retract the partially dissect tissue flap from the left side use the right instrument,retract the partially dissected tissue flap from the left side using the right instrument,Retract the partially dissected tissue flap from the left side using the right instrument.,1.5205057110008282e-05,14
14,0.001171561432522489,1.4006628963406644e-05,3,hamlyn/tissue_retraction,Surgical/Hamlyn/Tissue_Retraction,TASK_INDEX,Re-orient and grasp the intact tissue block at the right region using the right instrument.,re-orient and grasp the intact tissue block at the right region use the right instrument,reorient and grasp the intact tissue block at the right region using the right instrument,Re-orient and grasp the intact tissue block at the right region using the right instrument.,1.4006628963406644e-05,15
15,2.995706884177405e-07,2.995706884177405e-07,1,rob_surgical/all_merged_data,Surgical/Rob Surgical/all_merged_data,ROB_TOOL_PROMPT,hemicolectomy. Create the second penetrating hole inside the colon for anastomosis. Lateral to lateral approximation,hemicolectomy. create the second penetrating hole inside the colon for anastomosis. lateral to lateral approximation,left tool mono_hook right tool bi_maryland_forceps aux tool bi_maryland_forceps the surgery process is a hemicolectomycreate the second penetrating hole inside the colon for anastomosislateral to lateral approximation,left tool: mono_hook. right tool: bi_maryland_forceps. aux tool: bi_maryland_forceps. The surgery process is a hemicolectomy.Create the second penetrating hole inside the colon for anastomosisLateral to lateral approximation,1.4978534420887024e-07,24
16,0.0001361353748114226,4.682697262363188e-05,1,tud/260131_tundra_dataset/grasping_retraction,Surgical/TUD/260131_TUNDRA_dataset/grasping_retraction,TASK_INDEX,Remain positioned until the surgeon picks up the colon and positions it for your robotic grasp.,remain position until the surgeon pick up the colon and position it for your robotic grasp,remain positioned until the surgeon picks up the colon and positions it for your robotic grasp,Remain positioned until the surgeon picks up the colon and positions it for your robotic grasp.,4.682697262363188e-05,16
16,0.0001361353748114226,4.3230661126136954e-05,2,tud/260131_tundra_dataset/grasping_retraction,Surgical/TUD/260131_TUNDRA_dataset/grasping_retraction,TASK_INDEX,Remain positioned until the surgeon picks up the gallbladder and positions it for your robotic grasp.,remain position until the surgeon pick up the gallbladder and position it for your robotic grasp,remain positioned until the surgeon picks up the gallbladder and positions it for your robotic grasp,Remain positioned until the surgeon picks up the gallbladder and positions it for your robotic grasp.,4.3230661126136954e-05,16
16,0.0001361353748114226,2.3975409983299524e-05,3,tud/260131_tundra_dataset/grasping_retraction,Surgical/TUD/260131_TUNDRA_dataset/grasping_retraction,TASK_INDEX,Remain positioned until the surgeon picks up the stomach and positions it for your robotic grasp.,remain position until the surgeon pick up the stomach and position it for your robotic grasp,remain positioned until the surgeon picks up the stomach and positions it for your robotic grasp,Remain positioned until the surgeon picks up the stomach and positions it for your robotic grasp.,2.3975409983299524e-05,16
17,0.0032645180609435177,0.0027402808589638075,1,hamlyn/needle_grasp_and_handover,Surgical/Hamlyn/needle_grasp_and_handover,TASK_INDEX,"Use the left-hand to grasp the needle from the table, then transfer the needle to the right hand.","use the left-hand to grasp the needle from the table, then transfer the needle to the right hand",use the lefthand to grasp the needle from the table then transfer the needle to the right hand,"Use the left-hand to grasp the needle from the table, then transfer the needle to the right hand.",0.0027402808589638075,18
17,0.0032645180609435177,0.0005239376312912924,2,tud/260131_tundra_dataset/grasping_retraction,Surgical/TUD/260131_TUNDRA_dataset/grasping_retraction,TASK_INDEX,Remain positioned until the surgeon picks up the small intestine and positions it for your robotic grasp.,remain position until the surgeon pick up the small intestine and position it for your robotic grasp,remain positioned until the surgeon picks up the small intestine and positions it for your robotic grasp,Remain positioned until the surgeon picks up the small intestine and positions it for your robotic grasp.,0.0005239376312912924,17
17,0.0032645180609435177,2.995706884177405e-07,3,rob_surgical/all_merged_data,Surgical/Rob Surgical/all_merged_data,ROB_TOOL_PROMPT,hemicolectomy. Preparing the colon part for anastomosis. Create the first penetrating hole inside the colon for anastomosis,hemicolectomy. prepare the colon part for anastomosis. create the first penetrating hole inside the colon for anastomosis,left tool mono_hook right tool bi_maryland_forceps aux tool bi_maryland_forceps the surgery process is a hemicolectomypreparing the colon part for anastomosiscreate the first penetrating hole inside the colon for anastomosis,left tool: mono_hook. right tool: bi_maryland_forceps. aux tool: bi_maryland_forceps. The surgery process is a hemicolectomy.Preparing the colon part for anastomosisCreate the first penetrating hole inside the colon for anastomosis,1.4978534420887024e-07,26
18,0.00013928214737173066,5.8889600771479444e-05,1,tud/260131_tundra_dataset/grasping_retraction,Surgical/TUD/260131_TUNDRA_dataset/grasping_retraction,TASK_INDEX,Approach the gallbladder grasped by the surgeon and open your gripper to receive and take over the hold.,approach the gallbladder grasp by the surgeon and open your gripper to receive and take over the hold,approach the gallbladder grasped by the surgeon  and open your gripper to receive and take over the hold,Approach the gallbladder grasped by the surgeon  and open your gripper to receive and take over the hold.,5.8889600771479444e-05,18
18,0.00013928214737173066,4.750128102941218e-05,2,tud/260131_tundra_dataset/grasping_retraction,Surgical/TUD/260131_TUNDRA_dataset/grasping_retraction,TASK_INDEX,Approach the colon grasped by the surgeon and open your gripper to receive and take over the hold.,approach the colon grasp by the surgeon and open your gripper to receive and take over the hold,approach the colon grasped by the surgeon  and open your gripper to receive and take over the hold,Approach the colon grasped by the surgeon  and open your gripper to receive and take over the hold.,4.750128102941218e-05,18
18,0.00013928214737173066,2.1877561609760813e-05,3,tud/260131_tundra_dataset/grasping_retraction,Surgical/TUD/260131_TUNDRA_dataset/grasping_retraction,TASK_INDEX,Approach the stomach grasped by the surgeon and open your gripper to receive and take over the hold.,approach the stomach grasp by the surgeon and open your gripper to receive and take over the hold,approach the stomach grasped by the surgeon  and open your gripper to receive and take over the hold,Approach the stomach grasped by the surgeon  and open your gripper to receive and take over the hold.,2.1877561609760813e-05,18
19,0.00036525026452795517,0.0003649506938395374,1,tud/260131_tundra_dataset/grasping_retraction,Surgical/TUD/260131_TUNDRA_dataset/grasping_retraction,TASK_INDEX,Approach the small intestine grasped by the surgeon and open your gripper to receive and take over the hold.,approach the small intestine grasp by the surgeon and open your gripper to receive and take over the hold,approach the small intestine grasped by the surgeon  and open your gripper to receive and take over the hold,Approach the small intestine grasped by the surgeon  and open your gripper to receive and take over the hold.,0.0003649506938395374,19
19,0.00036525026452795517,2.995706884177405e-07,2,rob_surgical/all_merged_data,Surgical/Rob Surgical/all_merged_data,ROB_TOOL_PROMPT,hemicolectomy. Dissection and staple of the mesocolon while separating it from the retroperitoneum. Preparing the colon part for anastomosis,hemicolectomy. dissect and staple of the mesocolon while separate it from the retroperitoneum. prepare the colon part for anastomosis,left tool mono_hook right tool bi_maryland_forceps aux tool bi_maryland_forceps the surgery process is a hemicolectomydissection and staple of the mesocolon while separating it from the retroperitoneumpreparing the colon part for anastomosis,left tool: mono_hook. right tool: bi_maryland_forceps. aux tool: bi_maryland_forceps. The surgery process is a hemicolectomy.Dissection and staple of the mesocolon while separating it from the retroperitoneumPreparing the colon part for anastomosis,1.4978534420887024e-07,28
21,2.995706884177405e-07,2.995706884177405e-07,1,rob_surgical/all_merged_data,Surgical/Rob Surgical/all_merged_data,ROB_TOOL_PROMPT,hemicolectomy. Create the first penetrating hole inside the colon for anastomosis. Create the second penetrating hole inside the colon for anastomosis,hemicolectomy. create the first penetrating hole inside the colon for anastomosis. create the second penetrating hole inside the colon for anastomosis,left tool mono_hook right tool bi_maryland_forceps aux tool bi_maryland_forceps the surgery process is a hemicolectomycreate the first penetrating hole inside the colon for anastomosiscreate the second penetrating hole inside the colon for anastomosis,left tool: mono_hook. right tool: bi_maryland_forceps. aux tool: bi_maryland_forceps. The surgery process is a hemicolectomy.Create the first penetrating hole inside the colon for anastomosisCreate the second penetrating hole inside the colon for anastomosis,1.4978534420887024e-07,30
22,0.003820807914974772,0.003820807914974772,1,jhu/lcsr/smarts/SurgSync-stitch-coldcut/P1,Surgical/JHU/LSCR/SMARTS/offline_recorder_extracted/offline_data_part1,TASK_INDEX,perform a simple interrupted stitch on ex-vivo tissue (occasionally on silicon suturing training phantom) ; without cutting the suture thread tail at the end,perform a simple interrupted stitch on ex-vivo tissue (occasionally on silicon suture training phantom); without cut the suture thread tail at the end,perform a simple interrupted stitch on exvivo tissue occasionally on silicon suturing training phantom  without cutting the suture thread tail at the end,perform a simple interrupted stitch on ex-vivo tissue (occasionally on silicon suturing training phantom) ; without cutting the suture thread tail at the end,0.0020882169816807154,23
23,2.995706884177405e-07,2.995706884177405e-07,1,rob_surgical/all_merged_data,Surgical/Rob Surgical/all_merged_data,ROB_TOOL_PROMPT,hemicolectomy. Resect the lymphatic tissue around the mesenteric artery and vein. Dissection and staple of the mesocolon while separating it from the retroperitoneum,hemicolectomy. resect the lymphatic tissue around the mesenteric artery and vein. dissect and staple of the mesocolon while separate it from the retroperitoneum,left tool mono_hook right tool bi_maryland_forceps aux tool bi_maryland_forceps the surgery process is a hemicolectomyresect the lymphatic tissue around the mesenteric artery and veindissection and staple of the mesocolon while separating it from the retroperitoneum,left tool: mono_hook. right tool: bi_maryland_forceps. aux tool: bi_maryland_forceps. The surgery process is a hemicolectomy.Resect the lymphatic tissue around the mesenteric artery and veinDissection and staple of the mesocolon while separating it from the retroperitoneum,1.4978534420887024e-07,32
