verb,following_noun,example_rank,canonical_semantic_text,current_public_path,historical_training_path,prompt_pair_expected_occurrences_per_training_sample,source_row_training_mixture_weight
go,cut,1,go to the cut position left tube,jhu/imerse/srth_porcine_chole,Surgical/JHU/srth_porcine_chole_fix,0.011901231197495225,0.011901231197495225
go,cut,2,go to the cut position right tube,jhu/imerse/srth_porcine_chole,Surgical/JHU/srth_porcine_chole_fix,0.008997669722998085,0.008997669722998085
go,cut,3,go back from the cut left tube,jhu/imerse/srth_porcine_chole,Surgical/JHU/srth_porcine_chole_fix,0.004907184940012373,0.004907184940012373
go,clip,1,go back first clip left tube,jhu/imerse/srth_porcine_chole,Surgical/JHU/srth_porcine_chole_fix,0.0057144780795235425,0.0057144780795235425
go,clip,2,go back second clip left tube,jhu/imerse/srth_porcine_chole,Surgical/JHU/srth_porcine_chole_fix,0.005626109127105301,0.005626109127105301
go,clip,3,go back third clip left tube,jhu/imerse/srth_porcine_chole,Surgical/JHU/srth_porcine_chole_fix,0.005540590786055389,0.005540590786055389
make,suture,1,"make first right-to-left suture, shift needle holder, create second parallel suture",hamlyn/suturing_2,Surgical/Hamlyn/Suturing-2,0.018826931674315924,0.018826931674315924
shift,holder,1,"make first right-to-left suture, shift needle holder, create second parallel suture",hamlyn/suturing_2,Surgical/Hamlyn/Suturing-2,0.018826931674315924,0.018826931674315924
create,suture,1,"make first right-to-left suture, shift needle holder, create second parallel suture",hamlyn/suturing_2,Surgical/Hamlyn/Suturing-2,0.018826931674315924,0.018826931674315924
finish,knot,1,finish the knot tie on the plastic phantom,turin/mitic_lerobot_plastic_pad_3dmed,Surgical/Turin/mitic_lerobot_plastic_pad_3DMED,0.007258020456510758,0.0038930244000295704
finish,knot,2,finish the knot tie on ex vivo tissue,turin/mitic_lerobot_ex_vivo,Surgical/Turin/mitic_lerobot_ex_vivo,0.007038633378867161,0.007038633378867161
extract,needle,1,extract the needle from the plastic phantom,turin/mitic_lerobot_plastic_pad,Surgical/Turin/mitic_lerobot_plastic_pad,0.00894720194021148,0.0036127436170825785
extract,needle,2,extract the needle from the tissue,turin/mitic_lerobot_ex_vivo,Surgical/Turin/mitic_lerobot_ex_vivo,0.0038311405531765257,0.0038311405531765257
insert,needle,1,insert the needle into the plastic phantom,turin/mitic_lerobot_plastic_pad,Surgical/Turin/mitic_lerobot_plastic_pad,0.006650992962179686,0.0024461446984071714
insert,needle,2,insert the needle into the tissue,turin/mitic_lerobot_ex_vivo,Surgical/Turin/mitic_lerobot_ex_vivo,0.005760431362667063,0.005760431362667063
resect,tissue,1,hemicolectomy. resect the lymphatic tissue around the mesenteric artery and vein,rob_surgical/all_merged_data,Surgical/Rob Surgical/all_merged_data,0.007128733886932761,0.003722914730311469
resect,tissue,2,hemicolectomy. artery coagulation. resect the lymphatic tissue around the mesenteric artery and vein,rob_surgical/all_merged_data,Surgical/Rob Surgical/all_merged_data,2.995706884177405e-07,1.4978534420887024e-07
resect,tissue,3,hemicolectomy. resect the lymphatic tissue around the mesenteric artery and vein. dissect and staple of the mesocolon while separate it from the retroperitoneum,rob_surgical/all_merged_data,Surgical/Rob Surgical/all_merged_data,2.995706884177405e-07,1.4978534420887024e-07
expose,workspace,1,lift the plastic phantom to expose the workspace,turin/mitic_lerobot_plastic_tube,Surgical/Turin/mitic_lerobot_plastic_tube,0.003761547747115501,0.0012902251635886904
expose,workspace,2,lift the tissue flap to expose the workspace,turin/mitic_lerobot_ex_vivo,Surgical/Turin/mitic_lerobot_ex_vivo,0.0020107653141473473,0.0020107653141473473
identify,artery,1,hemicolectomy. identify the inferior mesenteric artery and vein,rob_surgical/all_merged_data,Surgical/Rob Surgical/all_merged_data,0.004902474315956322,0.0016086945968032665
identify,artery,2,hemicolectomy. identify the inferior mesenteric artery and vein. artery coagulation,rob_surgical/all_merged_data,Surgical/Rob Surgical/all_merged_data,2.995706884177405e-07,1.4978534420887024e-07
grasp,needle,1,"use the left-hand to grasp the needle from the table, then transfer the needle to the right hand",hamlyn/needle_grasp_and_handover,Surgical/Hamlyn/needle_grasp_and_handover,0.0027402808589638075,0.0027402808589638075
grasp,needle,2,grasp the needle from the plastic phantom,turin/mitic_lerobot_plastic_pad,Surgical/Turin/mitic_lerobot_plastic_pad,0.001238525629817746,0.001238525629817746
grasp,needle,3,use the right hand instrument to grasp the needle from the table,hamlyn/needle_grasp_and_handover,Surgical/Hamlyn/needle_grasp_and_handover,0.0007487928863485359,0.0007487928863485359
lift,tissue,1,lift the tissue flap to expose the workspace,turin/mitic_lerobot_ex_vivo,Surgical/Turin/mitic_lerobot_ex_vivo,0.0020107653141473473,0.0020107653141473473
lift,tissue,2,lift the tissue,jhu/imerse/srt_tissue_lift,Surgical/JHU/srt_tissue_lift,0.001958868867032445,0.001958868867032445
lift,tissue,3,lift the intact tissue block use the left instrument (center grasp),hamlyn/tissue_retraction,Surgical/Hamlyn/Tissue_Retraction,6.673746741387871e-05,6.673746741387871e-05
pick,needle,1,pick up the needle and hand it to the other arm,jhu/imerse/srt_needle_pickup_handover,Surgical/JHU/srt_needle_pickup+handover,0.004155122395762604,0.004155122395762604
prepare,colon,1,hemicolectomy. prepare the colon part for anastomosis,rob_surgical/all_merged_data,Surgical/Rob Surgical/all_merged_data,0.004095580666703139,0.0017953271356875187
prepare,colon,2,hemicolectomy. dissect and staple of the mesocolon while separate it from the retroperitoneum. prepare the colon part for anastomosis,rob_surgical/all_merged_data,Surgical/Rob Surgical/all_merged_data,2.995706884177405e-07,1.4978534420887024e-07
prepare,colon,3,hemicolectomy. prepare the colon part for anastomosis. create the first penetrating hole inside the colon for anastomosis,rob_surgical/all_merged_data,Surgical/Rob Surgical/all_merged_data,2.995706884177405e-07,1.4978534420887024e-07
perform,dissect,1,perform cold-cut dissect on ex-vivo tissue by cut along pre-defined trace use non-energy surigal instrument,jhu/lcsr/smarts/SurgSync-stitch-coldcut/P1,Surgical/JHU/LSCR/SMARTS/offline_recorder_extracted/offline_data_part1,0.003737069515207231,0.001890031108885623
perform,dissect,2,perform cold-cut dissect to partially peel skin from the underlying fat layer use non-energy instrument,jhu/lcsr/smarts/SurgSync-stitch-coldcut/P2,Surgical/JHU/LSCR/SMARTS/offline_recorder_extracted/offline_data_part2,0.0001587134786291763,0.0001587134786291763
perform,stitch,1,perform a simple interrupted stitch on ex-vivo tissue (occasionally on silicon suture training phantom); without cut the suture thread tail at the end,jhu/lcsr/smarts/SurgSync-stitch-coldcut/P1,Surgical/JHU/LSCR/SMARTS/offline_recorder_extracted/offline_data_part1,0.003820807914974772,0.0020882169816807154
cut,suture,1,perform a simple interrupted stitch on ex-vivo tissue (occasionally on silicon suture training phantom); without cut the suture thread tail at the end,jhu/lcsr/smarts/SurgSync-stitch-coldcut/P1,Surgical/JHU/LSCR/SMARTS/offline_recorder_extracted/offline_data_part1,0.003820807914974772,0.0020882169816807154
lift,plastic,1,lift the plastic phantom to expose the workspace,turin/mitic_lerobot_plastic_tube,Surgical/Turin/mitic_lerobot_plastic_tube,0.003761547747115501,0.0012902251635886904
transfer,needle,1,"use the left-hand to grasp the needle from the table, then transfer the needle to the right hand",hamlyn/needle_grasp_and_handover,Surgical/Hamlyn/needle_grasp_and_handover,0.0027402808589638075,0.0027402808589638075
transfer,needle,2,transfer the needle from right to left arm,turin/mitic_lerobot_plastic_pad,Surgical/Turin/mitic_lerobot_plastic_pad,0.0005109837640151448,0.0005109837640151448
transfer,needle,3,transfer the needle from left to right arm,turin/mitic_lerobot_plastic_pad,Surgical/Turin/mitic_lerobot_plastic_pad,0.00041854697791579614,0.00041854697791579614
resect,home,1,resect home out,jhu/imerse/cao_cautery_combined,Surgical/JHU/cao_cautery_combined,0.003239007167265421,0.003239007167265421
move,orange,1,move the orange triangular peg to right,hamlyn/peg_transfer,Surgical/Hamlyn/peg_transfer,0.0017125538214937408,0.0017125538214937408
move,orange,2,move the orange cylinder peg to right,hamlyn/peg_transfer,Surgical/Hamlyn/peg_transfer,0.0014277773331575264,0.0014277773331575264
move,peg,1,move the black triangular peg to right,hamlyn/peg_transfer,Surgical/Hamlyn/peg_transfer,0.0016193011313363006,0.0016193011313363006
move,peg,2,move the white triangular peg to right,hamlyn/peg_transfer,Surgical/Hamlyn/peg_transfer,0.001415867953450673,0.001415867953450673
create,hole,1,hemicolectomy. create the first penetrating hole inside the colon for anastomosis,rob_surgical/all_merged_data,Surgical/Rob Surgical/all_merged_data,0.001588174004646651,0.0008963154997458795
create,hole,2,hemicolectomy. create the second penetrating hole inside the colon for anastomosis,rob_surgical/all_merged_data,Surgical/Rob Surgical/all_merged_data,0.001161285773651371,0.00035708826059394663
create,hole,3,hemicolectomy. create the first penetrating hole inside the colon for anastomosis. create the second penetrating hole inside the colon for anastomosis,rob_surgical/all_merged_data,Surgical/Rob Surgical/all_merged_data,5.99141376835481e-07,1.4978534420887024e-07
tie,knot,1,tie a surgical knot in the suture,hamlyn/knot_tying,Surgical/Hamlyn/knot_tying,0.002263680965412169,0.002263680965412169
move,cylinder,1,move the green cylinder peg to right,hamlyn/peg_transfer,Surgical/Hamlyn/peg_transfer,0.0014784858241106084,0.0014784858241106084
keep,position,1,close down on the small intestine for hold. keep position await surgeon's counterpart grasp,tud/260131_tundra_dataset/grasping_retraction,Surgical/TUD/260131_TUNDRA_dataset/grasping_retraction,0.0011296913491505942,0.0011296913491505942
keep,position,2,close down on the colon for hold. keep position await surgeon's counterpart grasp,tud/260131_tundra_dataset/grasping_retraction,Surgical/TUD/260131_TUNDRA_dataset/grasping_retraction,8.481301281592207e-05,8.481301281592207e-05
keep,position,3,close down on the gallbladder for hold. keep position await surgeon's counterpart grasp,tud/260131_tundra_dataset/grasping_retraction,Surgical/TUD/260131_TUNDRA_dataset/grasping_retraction,6.203637333178751e-05,6.203637333178751e-05
retract,tissue,1,retract the partially dissect tissue flap use the right instrument (center grasp),hamlyn/tissue_retraction,Surgical/Hamlyn/Tissue_Retraction,0.0001893516471630588,0.0001893516471630588
retract,tissue,2,retract the partially dissect tissue flap use the left instrument (center grasp),hamlyn/tissue_retraction,Surgical/Hamlyn/Tissue_Retraction,0.00017684305338290423,0.00017684305338290423
retract,tissue,3,retract the partially dissect tissue flap use the left instrument (left-side grasp),hamlyn/tissue_retraction,Surgical/Hamlyn/Tissue_Retraction,0.00013931727204244044,0.00013931727204244044
use,instrument,1,retract the partially dissect tissue flap use the right instrument (center grasp),hamlyn/tissue_retraction,Surgical/Hamlyn/Tissue_Retraction,0.0001893516471630588,0.0001893516471630588
use,instrument,2,retract the partially dissect tissue flap use the right instrument (right-side grasp),hamlyn/tissue_retraction,Surgical/Hamlyn/Tissue_Retraction,0.0001160977267020337,0.0001160977267020337
use,instrument,3,retract the partially dissect tissue flap use the right instrument (left-side grasp),hamlyn/tissue_retraction,Surgical/Hamlyn/Tissue_Retraction,7.115667120447226e-05,7.115667120447226e-05
remove,cap,1,remove cap,jhu/imerse/nephfat/nephfat,Surgical/JHU/Imerse/NephFat_extracted/nephfat,0.0006049709976439199,0.0006049709976439199
straight,camera,1,"pull back on small intestine post-surgeon's end grasp, continue till fully straight in camera",tud/260131_tundra_dataset/grasping_retraction,Surgical/TUD/260131_TUNDRA_dataset/grasping_retraction,0.00043845031006958996,0.00043845031006958996
straight,camera,2,"pull back on gallbladder post-surgeon's end grasp, continue till fully straight in camera",tud/260131_tundra_dataset/grasping_retraction,Surgical/TUD/260131_TUNDRA_dataset/grasping_retraction,9.545210099601122e-05,9.545210099601122e-05
straight,camera,3,"pull back on omentum post-surgeon's end grasp, continue till fully straight in camera",tud/260131_tundra_dataset/grasping_retraction,Surgical/TUD/260131_TUNDRA_dataset/grasping_retraction,2.0004482704815535e-05,2.0004482704815535e-05
open,gripper,1,approach the small intestine grasp by the surgeon and open your gripper to receive and take over the hold,tud/260131_tundra_dataset/grasping_retraction,Surgical/TUD/260131_TUNDRA_dataset/grasping_retraction,0.0003649506938395374,0.0003649506938395374
open,gripper,2,approach the gallbladder grasp by the surgeon and open your gripper to receive and take over the hold,tud/260131_tundra_dataset/grasping_retraction,Surgical/TUD/260131_TUNDRA_dataset/grasping_retraction,5.8889600771479444e-05,5.8889600771479444e-05
open,gripper,3,approach the colon grasp by the surgeon and open your gripper to receive and take over the hold,tud/260131_tundra_dataset/grasping_retraction,Surgical/TUD/260131_TUNDRA_dataset/grasping_retraction,4.750128102941218e-05,4.750128102941218e-05
take,hold,1,approach the small intestine grasp by the surgeon and open your gripper to receive and take over the hold,tud/260131_tundra_dataset/grasping_retraction,Surgical/TUD/260131_TUNDRA_dataset/grasping_retraction,0.0003649506938395374,0.0003649506938395374
take,hold,2,approach the gallbladder grasp by the surgeon and open your gripper to receive and take over the hold,tud/260131_tundra_dataset/grasping_retraction,Surgical/TUD/260131_TUNDRA_dataset/grasping_retraction,5.8889600771479444e-05,5.8889600771479444e-05
take,hold,3,approach the colon grasp by the surgeon and open your gripper to receive and take over the hold,tud/260131_tundra_dataset/grasping_retraction,Surgical/TUD/260131_TUNDRA_dataset/grasping_retraction,4.750128102941218e-05,4.750128102941218e-05
peel,skin,1,perform cold-cut dissect to partially peel skin from the underlying fat layer use non-energy instrument,jhu/lcsr/smarts/SurgSync-stitch-coldcut/P2,Surgical/JHU/LSCR/SMARTS/offline_recorder_extracted/offline_data_part2,0.0001587134786291763,0.0001587134786291763
correct,movement,1,correct the previous movement or position of the grasper,tud/260131_tundra_dataset/grasping_retraction,Surgical/TUD/260131_TUNDRA_dataset/grasping_retraction,0.00010474257236453978,0.00010474257236453978
grasp,tissue,1,re-orient and grasp the intact tissue block at the center use the right instrument,hamlyn/tissue_retraction,Surgical/Hamlyn/Tissue_Retraction,1.820112747651238e-05,1.820112747651238e-05
grasp,tissue,2,re-orient and grasp the intact tissue block at the right region use the right instrument,hamlyn/tissue_retraction,Surgical/Hamlyn/Tissue_Retraction,1.4006628963406644e-05,1.4006628963406644e-05
stop,movement,1,stop the grasper movement and stay,tud/260131_tundra_dataset/grasping_retraction,Surgical/TUD/260131_TUNDRA_dataset/grasping_retraction,1.5883709113935933e-05,1.5883709113935933e-05
